,Temp-S,Temp-G,Temp-M,Temp-Avg,Rain-Avg,SM-S,SM-G,SM-M,SM-Avg,Nitrogen,Suitability
0,12.324372403354978,24.959286185954905,35.39028011625372,15.488092704674937,329.0189227054997,389.1693111600897,312.7959965131621,289.1147499119639,256.45291045253043,84.44060496637245,1.0
1,7.332821154349313,24.06146288280284,32.92613043434194,7.6825594807514355,286.8670494185554,374.15282783554187,354.87508576618376,326.47136080269024,256.5225927166101,88.54028036791767,2.0
2,8.931561521376365,27.89981546845139,23.90242581410711,9.176713425236347,342.28974610299605,324.9495569190104,296.3343581524972,372.19851444785115,245.60236112481596,85.3029805129734,2.0
3,14.534081171904145,23.65001272139413,29.977376740470895,13.903616004935872,467.12987801526447,265.60536220357744,231.74445271193125,218.10310921085437,138.75931495318287,78.9402447748595,3.0
4,10.427731863080856,26.94087968101342,29.662581370841046,14.808060234049517,444.7473932418226,121.27253626088148,159.3439402005813,111.02348214717318,158.7855334358092,77.58893072260466,3.0
5,11.078816876714093,28.20862841948735,31.89418747115828,14.901159090446306,423.6355230821207,321.44135910480327,272.2408524106867,255.82861743808584,233.4695188691013,80.57176904978039,2.0
6,11.967743321231755,30.7212414407985,32.713905365090376,15.671354189279917,419.883468533372,307.2834635905083,329.9393717059183,253.06068023836406,247.14424542634154,81.80502695437494,3.0
7,13.20903883357224,26.818447459555642,31.478174480373564,9.560593943435924,433.962120489541,207.1226445393207,270.50535727885375,241.28990027708616,262.8801502781798,76.81645853569057,3.0
8,13.789764331568367,28.777168002908848,36.32075757351143,17.4898304557083,464.5093083423087,237.96602145490368,137.26071985825178,294.69814616816876,156.79346719989954,45.146827476290404,4.0
9,15.569733642127865,29.10874009618521,38.09714744083332,17.50508527433042,253.02893953784644,382.56897106615537,142.8284006962294,254.77823104113642,150.4345819856938,80.42398436244581,4.0
10,15.729483338527443,30.15474092773072,36.17798221948446,14.307772946215115,346.1173432537325,210.15301178584835,252.32593869368435,316.5745526899244,254.52227951488803,59.58973817477987,5.0
11,7.6019067577297506,14.758998999931293,22.966681909296987,7.701198808352486,203.94050986709922,169.45630810718586,97.15832794785523,133.72654773410662,166.21822411086507,53.26265874856524,4.0
12,12.074771089933098,27.229980467195688,36.7301591349122,15.105670783896134,191.33197301134143,181.49912644544443,165.4425067413416,144.2161480562147,125.60464328833949,55.3704273552336,5.0
13,9.353729818984217,18.823945897343986,15.541471033143084,11.467817109702883,347.4059528741962,372.530823422595,324.08721879038313,314.3456372548191,256.69847874848386,83.88592804397699,1.0
14,7.261577648364937,25.007692339027166,33.18658194951605,8.058833890382001,282.42520295960753,361.8777241471883,327.82863486742036,317.00355302459826,265.62843510993264,88.14516914525277,2.0
15,11.884644112716026,23.97714585164204,33.759634772424,15.384655653382222,333.9122690017986,405.35501035365155,298.1225331211659,300.939033888627,262.8075881750092,83.98889114103243,1.0
16,7.279232894479655,25.119064720709233,33.95592598102778,8.106452057966726,299.18217622576697,358.4940533916574,355.835778884406,277.80793792204827,261.7947928097755,88.1988644136869,2.0
17,9.034985660385349,27.974739651938805,24.862182772035773,8.983472488034264,378.91817300584756,353.126995497247,331.8269907479927,360.5034025660094,240.0245450911402,84.50338617447738,2.0
18,13.670855036882381,22.719182589779948,30.896787125950702,13.986146161518931,428.50886478222026,267.88200866357136,228.7244241291283,211.0535130394964,147.97379020278964,79.29786230395355,3.0
19,9.939575809188083,28.9336913119565,28.96631437750844,15.67619851447256,449.1811661451894,125.5098584312643,160.3982664925564,118.4669522139766,159.27096951619876,77.39151064718222,3.0
20,10.660155806898848,30.301658205457493,30.500173557962437,14.933588344713906,443.833332937451,285.7652105226061,316.4054556042619,260.33823345787977,234.0873959497218,80.70840869065059,2.0
21,11.508776187202212,30.827695955941078,31.60688997662129,15.93159694245819,432.5302921816232,276.8274218929377,301.81366586045,227.76946332977244,274.1594227667669,81.93433249106246,3.0
22,13.19409834489246,26.868183807656273,34.4373238066071,10.392808494188122,451.970194549903,184.4001173148022,269.3888279070487,268.26151149325443,279.30787850768655,76.46520879339998,3.0
23,13.62348389742541,26.822479825171254,36.9808684282639,16.20125794769972,422.94309353354595,246.7032390172708,159.30489708147502,290.8457649864935,157.682241515396,44.97776736403181,4.0
24,14.348133029346053,28.907834464493465,37.6861295462553,17.36418258883275,264.2767085875772,411.7445066690372,152.3650145342857,248.87003727703402,154.8652121381247,80.4131983193613,4.0
25,16.253086304636586,29.2223933673967,35.8801065488213,15.12391485675771,373.6322836301407,217.26107446767548,234.47228199212063,288.56715524959134,246.25892112187458,59.861842909799094,5.0
26,8.047971218652386,14.411092405372974,23.119831202318228,7.803252410891917,194.42461749366282,160.821098309279,93.14929282930933,134.63398123934448,167.02058835483376,52.89743096142765,4.0
27,12.545329879083937,27.948023244046276,35.995428867356544,14.727641250285487,204.3590187103667,168.95881059258673,178.39388800253337,126.52798650833472,142.5225898444456,55.3711959836666,5.0
28,8.956059746005733,19.309117292825594,15.90944545215782,11.735069922211595,316.0648647556574,402.90907672133915,320.0578976852677,265.8837753884831,237.26510974492854,83.75396103241754,1.0
29,6.6730095474483715,23.3936049783766,33.51334744779673,8.01222079189014,309.5282512548662,334.2300068983459,318.51681587598665,274.2266020707726,226.30212068385038,87.18724106673164,2.0
30,11.86804941521036,25.931092019780454,35.43066124750728,14.776568195382167,343.00818695774257,420.08923757510087,283.76000547953055,273.97725275025266,254.73207933419377,83.2142962950869,1.0
31,7.1772469655053825,23.502093918760515,33.13833460062138,7.635174485936049,295.3530094882035,311.0167932345175,323.9889907166229,278.96775858201545,262.9287748332588,88.5001957166011,2.0
32,8.76860688801914,26.758933480133052,25.62319196640137,8.928143728041306,360.56637871338944,321.10617905222887,311.51506464880714,372.5398937273348,260.482381194765,85.76986691193136,2.0
33,14.165022981672491,23.2359871115451,31.422452388996337,14.561916398712995,420.64785707789105,254.7527071460023,248.46065888379843,199.57360359398353,147.27468792663686,79.49104607448338,3.0
34,10.24964197941653,26.607163855425952,30.617946590712652,14.324663696973532,430.1243272246684,135.682346623178,144.81771884520703,115.65014817203267,141.99469929734158,76.25385247760458,3.0
35,11.14631203107702,28.29657859668151,32.40156844802468,15.170971600234871,418.3810451606805,301.7013875561408,263.8523103869936,246.2901326622174,251.53776236856032,80.84219356767068,2.0
36,11.828672768611872,28.517347092648514,32.52984233006269,15.46102762234369,431.4314096118149,309.40843677560935,296.11733910457195,247.8368831355175,265.237373032227,82.40059649271953,3.0
37,13.33578916483149,28.30368153548613,32.7873497610239,9.527078173949157,417.51578881674715,196.17677303456867,286.2036086438583,263.30556411150076,276.0966567703586,76.6159382643898,3.0
38,14.66025632452762,27.87504851099944,35.996204244834274,17.362237593259366,424.2005778490989,234.131002915926,151.48817513568204,256.26780285975246,136.99682010739616,44.757000296406076,4.0
39,15.414007308922002,27.118839608612795,36.790887163826746,17.82565465766795,255.05330983083218,446.83733874922393,131.2322870292017,251.10765402090917,159.90689279996414,79.97263650723343,4.0
40,15.656453219148203,30.357621397141216,38.61473282832964,15.662401599032636,331.4377137711098,222.3818113370547,231.68285604255195,285.76601094157655,293.56665882426506,59.93422716030261,5.0
41,8.13112075999512,14.335663782756024,24.530706231626375,8.325321117865478,192.30121732616328,165.62338744807036,99.06104872816084,142.71431411380453,163.799845162884,53.187910770672595,4.0
42,12.300585052858734,27.284057937990706,33.265359419800106,14.612375609904747,187.98038150683934,168.9082241741876,151.2976986576645,128.3036103421055,128.51100528720832,54.92886688793238,5.0
43,9.119035969016,19.739821907906467,16.101317786031768,11.870646026610842,340.48507438619424,372.3229205825582,288.8595474536647,309.2539649625923,241.36323083311424,83.23023363396322,1.0
44,7.106283427531528,25.17847812234462,35.2747079986602,7.654337201555736,282.93244482059936,368.2930942976227,331.71000795361175,297.90491451374936,246.64937938220484,87.8010411475578,2.0
45,12.306483224795992,24.84448120352717,35.91866024805406,14.515114414575246,351.6519784829969,408.947733388615,322.9112665788721,273.1565611368185,269.0316157233228,84.81803956834324,1.0
46,7.240764896305458,24.042021478591153,32.870851076557734,8.098468529241627,314.42411654398995,342.46330122557833,367.52265524127836,276.06883169913124,258.73972830012144,88.19396700978967,2.0
47,9.227406101196047,27.7430436140315,25.862336348834898,8.580966030221003,333.3708615308254,342.1392506907843,301.27343061080546,360.3299249385352,266.4504629334634,84.79309227546621,2.0
48,13.44050275414261,22.219704694434423,30.917729548425218,14.676200679996358,452.4153117459102,249.1933077684221,229.95468183316285,181.01976283170913,136.82657676491496,78.68242896837094,3.0
49,10.054076875345574,28.361418931597036,29.925175400033464,14.650918839583523,417.8753002681295,121.95480941205666,150.1285655890069,112.4235461433432,159.1494008012474,77.35899639170977,3.0
50,11.142005996976943,27.668509443194736,31.267370823628124,14.782387146248556,414.97511496745545,294.4146542767927,311.2874736575622,245.2205809212189,271.7342687266558,81.5036429848779,2.0
51,12.440891855888268,30.168535891400044,33.09672398608847,15.65113952207922,432.7897534242354,319.1587618313626,289.669643752132,258.35885324117174,245.60685205426066,81.31505135195644,3.0
52,12.719776327564253,28.169413193617984,33.13932544536956,10.116867744995329,412.57604841892754,201.8185244658635,274.2320308942524,247.65961914514293,268.1177635834149,77.27285630179729,3.0
53,14.266110197291894,27.183750803729687,35.36626310989685,16.236848918978907,452.8088759802058,251.9637793089687,135.17453726331362,259.54259992155215,138.8787978956764,44.658029372841185,4.0
54,14.53678739205088,27.424566035141627,39.072102099106125,18.2872076491109,246.52683279530453,390.23223485017286,130.9927830284429,260.70980510153873,179.42622933324824,80.59678541214913,4.0
55,16.599320350906744,28.39835188843714,37.516901850733504,15.45930121137497,339.99917663901164,233.44973866728068,236.3195879721001,312.04001714248705,248.3649568279034,59.735525229896645,5.0
56,7.688983441856552,14.90108099092159,23.09391926246094,8.173398177478317,212.48243380851775,151.97739417287016,97.01334925421519,134.89897609922184,143.92323394016174,52.49356777202711,4.0
57,11.72540318560151,28.225666770506933,34.78478940864741,15.186304272284039,196.9480845070796,175.6610636064691,170.76221130599285,146.08910636668242,136.255516877745,55.123206176405596,5.0
58,9.373804442227382,18.581216562662792,15.66683232382629,11.763716964012792,315.42115899056915,366.0232649933965,276.31067258658925,304.6305784299005,235.05443524596342,83.85225339009011,1.0
59,7.184151669032862,23.115996449734503,33.59684908778836,7.9038017190175855,305.61597271278345,361.2038897828805,350.1202101760915,298.5078884666928,242.57706400092147,88.09076684279106,2.0
60,11.92595023122172,25.033479464701752,33.666350077014,15.272384642291946,333.27522794932065,439.4383816827373,322.53244719491744,273.10468387026935,246.12477482136728,84.37506532613372,1.0
61,6.86022816369948,24.88806628819482,33.673147322987575,7.978921997543515,305.9129290922688,327.5353504208081,315.2062940275979,315.047728666266,232.36318417562458,88.42179429021787,2.0
62,9.43010146920415,27.23434932337078,24.970784033446723,8.746772481911158,346.76163031636776,351.71737715122487,303.7086808297353,373.65725802227064,263.51554464993114,85.38769550893298,2.0
63,13.837560371809733,22.62978979508704,30.000700578464137,13.73660486165074,475.5193334981507,257.47155476452446,218.19460990502634,204.37566485086464,144.24954957701988,78.31308888888609,3.0
64,10.468261218345953,27.78913533891768,30.570796885310177,15.592255347038279,455.58278928924653,119.50790144738079,135.04749737629638,127.2304131807853,154.52544821292193,77.04495648189257,3.0
65,11.270985467038045,28.857573187537852,33.27208671711837,14.35527371944186,454.57049160126286,284.6503069361339,279.76971388323057,268.66744396405414,260.2054284744071,80.71058907040516,2.0
66,12.066369548094137,29.224903336562917,32.19238592657344,15.979652194864382,390.2841206342665,284.3940396930841,300.8562220111279,253.40720039791194,242.5409880543098,82.65674199263755,3.0
67,13.05186833838359,26.68690268889382,33.3703543067423,10.243493961405258,427.6383447484539,182.7300328610993,253.6278907741627,267.644270182258,288.94731378126306,77.21613204210671,3.0
68,14.663956820817774,26.861372771908997,36.36548518345799,16.260357548624096,415.9433604443122,244.19127252630315,151.4994819336346,270.47561076995754,157.2289442263552,44.88629412753503,4.0
69,14.544646278990868,29.051228721238346,37.616081779148764,17.718400343973062,268.466261013299,432.2387930377943,158.2011107280818,223.49785697042043,163.6254426883642,79.92868672266286,4.0
70,16.2367059387675,27.99337730780845,35.35982670702423,15.555988987285362,336.7870029464886,245.7536446479449,262.11191541791504,279.7248546391573,242.4840751454425,59.95507149664152,5.0
71,7.884803113713109,15.156673703364142,23.410787051385107,7.67967515849912,185.72551264015266,164.56666415682253,108.49212036077299,131.43704518888256,168.19664015123735,53.30387506666143,4.0
72,11.660071976084863,28.016550191284356,35.536517930250135,15.508277505918276,195.04446339004713,168.1859880147121,155.52436977390244,127.19299785441186,128.12546500028427,54.750609507344464,5.0
73,8.98517474102665,19.923821546843637,15.472286600074355,12.064594909622052,354.29181359521004,377.5605452703594,292.01631170888555,314.0525643887456,250.58850885114023,83.29983152408701,1.0
74,6.961395050272922,24.0942901559053,34.619514774399725,8.247995990592832,322.2976633402608,351.20396378779907,372.9288055293835,278.903839932715,258.6705318823091,88.7007203404351,2.0
75,11.933980948820292,25.16868999536762,34.32863955223814,14.913275225474896,327.3007952342613,381.79529883103334,288.6249291727079,299.45171321893935,282.02050294409673,84.27320198582747,1.0
76,6.930528949778339,24.142013869972402,35.47960103911996,7.971385616591685,311.53363382930905,313.1043595727433,345.69148493044594,283.60139218186634,252.89780343479325,87.17088018858401,2.0
77,8.811021787483584,26.67468591057329,25.654359616342926,9.075695627282897,379.16209698827356,359.2512434117917,300.27600135285013,332.8526520583274,261.62725569566845,84.55206880433389,2.0
78,14.281979456503544,23.200313229286643,30.26148018578155,14.224397950178382,428.3940910242748,280.3719770390914,250.19501964155404,194.80649986150013,162.65766062274344,78.24441422113782,3.0
79,10.176160200809454,28.1777334253577,30.00923777441283,14.55463250367866,474.9905685932737,135.54571975108772,158.254067461215,110.34436541330334,158.5131915398022,77.60622736060391,3.0
80,10.828042413042397,30.316673538193285,30.935824455209712,15.622520978988168,456.7590117163461,299.2625467307275,277.4161999449361,244.53825241316028,231.04212409131046,81.33055338895724,2.0
81,11.58108851422697,29.541429656579968,33.2777144799558,16.679415357557176,395.6996918372804,294.44954421801725,286.28334547009365,234.81855753333656,265.4828099646534,82.17514717642268,3.0
82,13.353847707695529,27.100162874305305,34.23763711631957,10.135078067629262,454.9032911780391,199.6372156166103,284.6997147958264,259.3167053922954,276.5793325490655,77.76722731357863,3.0
83,14.593091824947091,29.117276297071978,35.2240026477519,17.396739966227024,405.7592165083477,264.19639902309905,148.9182686640363,254.0701945114793,138.0316088498779,44.62039305110731,4.0
84,15.025709921632567,26.81724283794824,38.875315359195625,17.42241161673018,251.2754161885799,400.22009098194445,157.43541626983728,262.1814283434752,153.31435352642518,80.72021620039477,4.0
85,16.35166923532349,28.230268263342666,36.09326316934121,14.608360941378951,340.1328269104267,243.78840093256406,255.32650357578973,283.2133516143126,279.74770095824357,60.1646748195529,5.0
86,7.774278262717941,15.25126874731948,24.588991366969836,8.137513277037522,186.49735747511576,161.12053554415988,102.74403809480835,140.8673700317675,160.30545909729332,52.61695802979168,4.0
87,12.354055286369011,26.675823539220044,33.82032742056489,14.653378097871471,206.8988290698754,172.17780047245876,166.00998708938522,151.1969502371977,133.18855502809996,54.65136462023035,5.0
88,9.3067610874594,18.33707241076563,15.53760370217464,11.863941605603378,359.01178697737225,434.1217231444073,271.5853496606239,315.12947294666253,270.2615349819881,84.33083926496694,1.0
89,6.794228544122073,24.998936229377367,34.32274045217115,7.998444234208069,295.30920175236025,360.42454947704704,375.2910262342393,302.2053807200404,255.3113505367721,88.22038725581895,2.0
90,11.515256257248762,25.402591613052316,33.3436295615294,14.992624968917667,351.67931687774075,367.26591226564705,303.71121940398746,274.01718477948583,277.1876976616194,84.78427942466111,1.0
91,6.740206876851999,23.59196106953058,35.37534300688167,8.223043272675984,312.5675570869827,376.0042648223428,351.6730820266434,295.53147047022657,242.96185988216698,88.78193911937991,2.0
92,9.030464341892912,26.359724906964036,26.034825602184675,9.003797787465592,331.35546469395337,357.75512638119585,298.22114038073494,359.0321546091172,244.21161339278407,85.0778413597695,2.0
93,13.72584844176845,23.441219210532104,32.492634565069906,13.576168140412635,433.10412721134736,269.22303606347754,230.36983817943317,190.63270414912873,151.28830212582852,78.50421419649125,3.0
94,9.539270700371178,28.492245768376264,29.532366352440423,14.91033643772553,424.6370725318523,135.13291316939015,161.76395178086128,113.28830817169195,149.84989409285646,77.13048905176828,3.0
95,11.309370127820502,30.068799743194774,32.55682026153494,15.519398047699633,422.32127589563817,313.0530485638725,288.08986484525497,240.10708372726577,271.5259043154786,81.60854372431959,2.0
96,11.626845031429655,29.44868133810885,30.515070238153655,16.081121788462745,417.1933563311756,319.19233477526495,308.50061942227853,242.77724702992498,291.08049421126077,82.5483671887349,3.0
97,13.415252962571072,26.027528247530313,33.97702676508175,10.49443503759602,415.88272087833667,190.2907270197448,270.2214909130548,245.57276358393273,275.99929358818895,77.28213774816896,3.0
98,13.450508630323752,28.982473292873077,37.75535670655787,17.045929253897683,421.7024367821219,240.14552813063597,150.17854606543918,299.7283150930461,135.77478419343603,45.38748021308141,4.0
99,15.190202735326961,26.606926469916967,37.35676241677938,18.13398527039682,259.58188817891494,380.5776272586919,132.02449219268465,239.19371443497542,180.94816724172108,79.60892197454835,4.0
100,15.971928516666434,27.564905401571693,37.65085290715356,14.551688580770135,339.0090753264262,223.4098255175291,248.05766407303474,286.0735332591706,256.27808765353296,59.61837160695881,5.0
101,7.636609449428849,14.763545567161723,24.792494329051802,7.669962074005278,209.65789155732014,182.28616431014416,98.56108375424922,151.09591334946523,164.67444252599262,52.96934222917999,4.0
102,12.424373767984093,25.922848763338678,36.27707423204235,15.575892235274713,196.01181184454822,179.93232139760275,178.4446693938935,132.9104670497897,138.15176382150295,54.77518331390846,5.0
103,9.122736897663748,19.49067156141957,15.831987528933844,12.004479979811325,343.3051143121533,384.7163815265843,317.19226422628304,310.86396089585173,231.6188749609997,83.87451038128607,1.0
104,7.285959271224456,24.056072221761198,33.44825485256625,7.783690862768745,316.13648626541755,310.83960689496126,315.6465455178812,323.8574269383301,253.70820193335376,88.2287146831559,2.0
105,12.57042148878832,25.141746044832235,35.772297852080214,15.5424671035455,357.4504083886225,397.1649993724245,274.9029480030883,297.78661577093794,277.95677317127945,83.79265444241767,1.0
106,6.847482173174253,23.597739063283825,32.37255952246541,7.799267819633339,279.9526288423354,360.6604929045637,345.3778043372683,272.33529211028696,237.21313104109612,87.31076417388232,2.0
107,9.245008769710125,28.072345979514306,25.602745440509516,8.83203526331706,381.1437189625234,341.144526641216,308.6583884790679,332.12409387527845,255.3859708620905,85.21005562113211,2.0
108,13.572946587918478,24.009795483248958,29.910729880122013,13.57115966549405,428.4574005278176,282.2652406468825,218.17757806249517,189.13199587334265,148.1994516271134,79.08542647465545,3.0
109,9.850193963433108,26.816703905520313,29.15213908151651,15.575165977156018,475.20425005207346,113.2230914680628,149.34734732291108,128.6664266063724,150.3731664430431,77.6991879964087,3.0
110,10.928067111055697,28.36818845321475,33.417360681692784,14.327159519972493,455.4963012403034,286.97755480772133,294.1514335734496,226.64082796888155,238.0015103540488,80.58949107398143,2.0
111,12.184904259510404,29.389414611590606,33.22690233842044,15.271684490993954,439.85300422194945,292.7432294157988,305.0199592974049,262.7331605245951,274.05824884512447,81.97124597303957,3.0
112,13.633999839948018,26.133891287672043,34.55569222273871,10.382645447232353,427.1967653069322,200.5408938513694,284.89905748523023,287.3849489815535,278.64561485104576,77.52129440400931,3.0
113,13.56610565071166,29.186549655792568,36.786216216731,17.188131072375715,436.97569083638115,239.0738171756283,142.79596088225782,273.99993926235794,139.98442331105304,45.04437721551803,4.0
114,14.379423218638363,28.160206663946898,38.38060472653319,18.712707068428887,261.8860961129212,400.05142212152543,142.96719804270714,223.54900052958703,183.43561799625488,79.28059820215624,4.0
115,15.863975478200382,29.533576466111043,36.16152276300772,15.088989660001802,354.7791126919837,238.82590321478304,262.1469681082588,285.46248127992544,272.49638814985667,59.61812725622806,5.0
116,8.044002115941163,15.451151150946034,23.21602407657068,7.996675954107725,186.6507852477026,161.7363314423392,99.1089921755596,143.4545741331328,157.92873344036542,53.292965012451276,4.0
117,12.234085181691832,26.778988992851357,35.158444003443044,14.636943665870238,191.56207311143265,183.10032411232936,179.79729337324326,146.96983249299362,137.0331311592755,55.49661190598798,5.0
118,8.618390748379273,19.438783679042402,15.963574420201526,12.090400147062624,318.919507901065,375.27751444648857,306.13002146187046,303.5207431492684,247.2912130823815,83.86338592457221,1.0
119,7.191289083961364,22.817121283083512,33.4342089390787,7.758771580428876,316.7706985666211,364.4609412311755,353.62693676921725,290.9562508703083,267.196276829306,88.3742709943557,2.0
120,11.620084130418869,26.001112877966282,34.224989189369545,14.252757732191801,347.63220187388583,413.3457875554942,295.732581607758,281.8220358851929,252.11522030238353,83.35401336413192,1.0
121,6.815376455896871,24.864039099675182,33.046596331741725,7.80755760854268,319.6963767343967,330.4123798215355,357.46107915620985,302.4954637731226,253.4935276756866,88.57778889495208,2.0
122,9.4046955114988,28.045165160097156,25.565980689768587,9.142947793466261,351.6099352553285,366.0671872921493,333.4599743221316,332.8543601420439,266.9562494311775,85.44167203242715,2.0
123,14.475841038142429,22.213913443665042,30.890673205850618,14.553959197719458,422.0769182953306,278.52339303613695,238.12796406505228,203.27453013192294,136.98301690755437,78.39646692485475,3.0
124,10.153361639188123,27.497855823975122,29.341894848740008,15.246860854861922,455.52177355356883,112.83646742576897,137.4740489414458,131.70492367048416,146.00601057397608,77.68008767140036,3.0
125,10.970443853145383,29.512905131916504,32.015466265802765,14.966227205612562,420.0911550302643,322.2604120432529,312.6842517240275,242.60399580699595,276.58622550119577,81.25548131891972,2.0
126,12.579532826278692,31.465648435750253,31.48131234933848,16.0364988755643,429.2599022821753,294.9263265982526,300.93869700385477,259.2169536061575,261.6705631278012,82.07539151224823,3.0
127,13.464800171689598,27.13915947271964,32.13513682535052,10.196825207076634,448.1054775387634,214.03024728969794,284.48032856542557,253.10038124593774,283.93117194537723,77.17260230952947,3.0
128,14.581988861786103,27.78558222404593,37.4210201936228,17.230239632915886,401.4761892676869,225.90625608515924,140.72193110392632,271.4552785583783,161.185131105648,44.743596514627555,4.0
129,15.015443239270029,27.400860808889256,37.11593566105875,18.292517907859718,248.98253359193723,402.9228454240234,152.41287243179718,269.54542599788755,160.4745758580902,79.62776750891345,4.0
130,16.19070148748764,29.41635918664117,38.76283478274282,14.40761634424462,328.73627838660735,229.31842444471386,221.1902769585713,288.8609714682298,270.5785294772795,59.78753483912943,5.0
131,8.087844762484943,14.758244868260256,24.895837463255976,8.332040982371545,190.11445261007603,181.45400073771057,93.34564492060188,130.2887536343958,163.1451663526973,52.58032666754062,4.0
132,12.290615959201343,27.507217193913565,35.05438754287797,14.598388379233445,189.27950841046612,166.3318748926617,169.2287686840434,141.62685563250832,148.94435291839386,54.98793199891533,5.0
133,9.15741550795147,18.463899811007963,15.578438441830784,11.756960704997137,351.5189133790108,397.98713137753117,305.5904031610912,276.4832432815289,270.4344556154248,83.69145098763353,1.0
134,6.847216868860379,24.31834746728498,34.291670475595836,8.340410407230614,317.40666322034934,371.03413821185865,366.39928936684146,301.23887829789226,221.02038465345458,88.41240799086991,2.0
135,11.535590425167413,23.834871675849147,35.41407262909931,14.935987607352292,340.561725806224,366.7635671494041,289.2565993743793,268.520355693136,262.53363006481845,83.71374131086262,1.0
136,7.006730873612841,22.80032028886765,34.637508754289144,8.24421387862815,315.04587238821824,330.3779814764478,332.2814539654312,284.67019940222457,264.18763265798333,88.38100660362758,2.0
137,9.125365591952304,27.780346379673805,24.65290993768002,8.913485888928454,381.9889009753214,314.4311064865075,306.6460075767577,379.2303453296991,284.32378668994534,85.38448816909806,2.0
138,14.689804457478225,23.689847931360003,31.50720384578501,14.491583473783407,434.88015167268986,276.343054210175,251.96939945694595,197.10925301698404,151.25349561628008,79.70342604483048,3.0
139,10.434476260115348,28.909063003313605,30.577528859716715,15.101091462676118,421.42376511547326,117.14928749414301,138.52827682150982,109.46878807477562,171.1662393767614,76.76493907919652,3.0
140,10.541832475550997,29.75073668599378,31.283842210645645,14.776509459124341,413.9335060706347,287.7516865127244,306.521612207247,227.93203257399605,275.127308512641,80.37302895509904,2.0
141,12.375764350230025,29.33941385297033,33.57331326585502,16.126768264902516,397.7663340117352,276.15556053664153,282.04476932684645,245.84710215062114,289.4657955623488,82.37208853842849,3.0
142,12.972567135730582,27.16136222482885,31.465291986500876,10.2040435123316,458.9466050066098,217.75448395701332,285.30837805512783,246.17514240063704,253.4078331515413,76.87453479499128,3.0
143,13.581741559684112,27.28988839229503,37.1187405590735,16.283759047208203,426.0217791092963,220.38497677047815,163.7338378342638,266.27943212552435,140.9875881600274,45.42145969803965,4.0
144,15.63862840911899,27.666031705974156,36.94748883636304,18.448467469743292,262.982700782456,424.5431676443645,141.85222286889697,227.6448604556313,150.59410153567768,79.4344898590423,4.0
145,16.692605679149658,29.15537272323381,35.21036240749631,14.773621534436915,350.6589021447435,244.20777578642253,253.79144665352834,300.9732626603485,247.09163514083372,60.568319397489205,5.0
146,7.916861787226965,15.086081347019554,24.75891369439087,8.071385890703516,191.665919565502,168.0659170318573,97.75711289896086,135.0427561850398,157.63049195200747,52.73969267329258,4.0
147,11.432109217558274,25.957542935771507,35.57682038226412,15.357951122875503,209.03094039807607,161.2036794510151,162.2446558237361,133.19065225593877,130.7712250281893,54.87988629521366,5.0
148,8.776368009173733,19.509152092592274,16.323397251082444,12.369531417379859,344.8027253374775,378.96562068467813,302.2384661652894,282.47949205470854,249.93993149343711,83.98224324782421,1.0
149,6.765466418535605,24.848719371002773,35.58478050889855,8.127234475740135,287.555970412259,342.5821516640078,377.80670844555283,313.8799512244634,254.7266802898112,87.31487854837965,2.0
150,12.206866697479994,25.230199561954663,33.61230043438959,15.484908826120108,315.2431803961355,371.8263846337565,311.41286513535573,303.43803133561636,246.10546141421318,84.30169679782519,1.0
151,6.683515147620416,25.186215726885926,34.776277830142824,8.226150967561331,289.96329352782544,350.25568007858624,368.2130551916537,317.1442144564244,268.3153486166931,88.09444321096318,2.0
152,8.573830854740363,27.739697943717267,25.44137896956995,9.260697276567265,356.8495827164228,359.2269624201589,331.20426881893434,342.18398198669485,273.06793912590535,84.63290473664026,2.0
153,14.639428635602787,23.846975003065577,29.91694323230198,13.631338489554821,462.40225279155203,292.6642556741207,244.64884083999772,189.40458302993247,161.85337211651768,79.2956252313301,3.0
154,10.060803653827916,28.053513795131863,29.846500050073438,14.78736712771041,418.96127285024534,124.94526367389992,137.0625402543604,125.3562672359528,152.83707091752993,77.1253750301045,3.0
155,11.1568651902978,29.258759356732234,31.649332220418547,14.316901580838675,441.5538013304715,327.9705086110157,264.5838437846718,247.4734527741757,231.52338742740852,81.40255227369431,2.0
156,11.615065004518119,30.468068354170924,33.56344016240782,16.181393187113255,416.9898005487354,330.51153886557483,275.08288342220544,233.09598506595427,285.71249330051904,82.06133289854817,3.0
157,12.391783080770342,27.749042809319953,32.22128387052319,9.663169718907003,455.18415382916675,214.93233916447122,293.66102883269485,248.69186001000955,290.30431120414596,76.3809758223436,3.0
158,13.73240910829644,28.601388340237527,35.197595880925604,16.231688866262882,431.37600311564717,242.62325438398878,155.715384121326,256.1252203486252,158.1350632126182,44.65862002411945,4.0
159,14.458750747292457,26.78886614190258,37.95169339569269,18.35177292342586,254.59984808412483,426.84899820090146,139.8263166606501,272.09499387326946,151.02314018963975,79.75280427616846,4.0
160,16.74103274317946,29.564330129255392,35.85266357200294,15.086276801116998,330.905504694873,228.5299403476923,223.86360996089476,309.86577826285804,289.2863621735402,60.13135249734328,5.0
161,8.268483544416263,15.061467374408364,24.299999321806258,7.758478164323602,196.5583146877488,163.88392458763772,90.0384619279846,134.09257037645764,157.63234837209072,53.22436675496703,4.0
162,11.891522343238638,27.958024905178522,34.700359884958004,14.682237580303271,197.24436955142315,159.4754781540516,175.184151950044,142.55776343326266,142.67533244912815,54.665261485563,5.0
163,9.361720803983237,18.72490079743994,15.52959853978872,11.463593853720063,359.5584718552978,417.3854401607574,286.8336867178176,306.97087924428905,256.3481659979096,83.46597732477663,1.0
164,7.237554202182364,25.007587046231055,33.00957701298525,7.7432170706951835,293.75728047935615,328.7162707396314,369.632882583881,311.26099074546744,267.4116467910523,87.75482648941305,2.0
165,12.123890105765032,25.551586622282667,34.03895759193788,14.489697079074316,336.40729699237716,389.63911952583277,294.53567613134487,279.4051535282395,272.0967228925322,83.37708371204644,1.0
166,6.935145721418856,23.170147448683707,33.70090443230536,7.850002655078526,308.86348897303304,323.94104914602343,349.5622892931453,273.3024832997055,228.2834010019325,88.4564785752558,2.0
167,9.333525122538827,27.315771098771044,26.16737476380952,8.57464132892717,360.5061095760277,351.29504063806246,339.40321338167337,370.4540514609114,286.15201501869126,84.47306756614415,2.0
168,13.956525252974096,23.911286533369463,30.707166121405127,14.633470003091741,472.2443819200075,272.48877378246783,238.3036267939105,188.82562310006134,158.22941231249337,79.01141925179,3.0
169,10.291084877098395,27.816900946053693,30.76741231262693,15.56462605362817,456.613977174251,115.67578013297356,145.12284481665984,119.97691040333834,151.27715487727275,76.73542566076829,3.0
170,10.661071583019314,27.852585007983876,32.75255979732171,15.008237559434097,461.5292039871187,272.3506469096546,306.64105615503837,224.01816380635321,249.05880805268134,80.37400341498491,2.0
171,12.45153616833937,31.176140590791977,30.594868024376883,15.480809035281576,422.1105788424366,288.3364534440044,315.2453045969093,256.035694110107,286.1483271047606,81.50757493432884,3.0
172,13.144697225079817,27.045350266006878,31.543691045966877,10.272084403286614,399.9182538856881,212.61917626734405,240.93117636927212,272.6945059508523,300.4970327591485,76.48635739388344,3.0
173,14.653461073601536,28.628648874137642,34.93376130139874,16.165241304023812,440.2915596733219,253.2028644252594,143.66499477542217,289.3378201363168,162.10994414462328,45.0118714818526,4.0
174,14.437684173723008,28.9307109878702,36.55349946482875,17.971076981302534,243.526724500439,390.1250830054922,134.6444068944167,245.79409055822416,160.7377616650724,80.0949966074323,4.0
175,15.985886863116972,30.443189902076497,38.68415476009565,14.990725082421573,351.6103584257107,237.6249880044291,220.75046259910636,296.9181524249988,269.96901023474095,60.0536440310771,5.0
176,8.200324650363475,14.417450532281904,23.49549813443266,7.764486715184086,200.92466821638996,165.11557671912166,103.19775681843203,140.14987584944362,156.20608683926432,52.64303281729269,4.0
177,12.302944324406246,26.151334853250223,35.36738603352562,15.418454346974094,197.05305202761718,166.72778807258823,151.54367158173292,135.10555995098875,146.01864419061343,55.48817874163572,5.0
178,9.447811124002119,19.002669025254704,15.79812741130903,12.072678145704868,341.2702547391142,417.01211530827146,326.855474831781,270.63182793023606,264.92121025979793,84.48542442001184,1.0
179,6.936095552212789,24.40547747724497,33.64359245582456,8.389858298830703,299.2984157722897,364.21851379201854,370.4160400011161,272.8801675465347,259.71774728328984,88.11800566564987,2.0
180,12.561130530976513,26.072673423893793,34.60831537784512,15.3647154232455,338.3978626611844,405.087506700889,292.49559829823073,295.67719132948247,233.47157269881504,83.4132601387469,1.0
181,7.139683228748891,22.844707767330473,34.849713224254316,8.34319442911839,312.7002950365785,322.361646729932,326.01405777410906,313.5610282816815,248.59706761027985,87.3493319311959,2.0
182,8.764435653926302,27.826104256103875,23.835085266797424,8.681540795078467,366.3511438729218,374.43211008577464,322.8790514034663,383.7271773037254,282.5537987499433,84.9832773192297,2.0
183,13.43564621677206,23.044888348019757,31.69988008746572,14.01036644750606,440.44312117365774,281.91238521189604,222.256014156566,202.92069912478098,154.16237828092454,79.62921589892578,3.0
184,10.01010527603803,28.20904166376609,30.769536822628417,15.501211333267996,435.75525093714214,127.73586433141048,148.56041779321552,110.28757613442271,164.1698424124257,76.79930092613584,3.0
185,10.879181382166266,28.373577226090234,33.02430431637256,14.95530054902627,445.8672433285762,312.85200688806253,278.6747287494784,251.88648871805776,231.00399300832802,81.78324363246305,2.0
186,11.818698063743065,31.116373102150625,32.455279744923416,16.791816559985957,384.64007471487275,273.0001580469207,292.71857994689384,228.42003076932897,278.5146943559313,81.5335008499607,3.0
187,12.590040531125947,26.521227210932338,32.77656224647439,9.589994761520323,399.9683760504168,215.90884071612138,277.97590087879155,259.1242980470919,284.8056787383047,76.9860277098515,3.0
188,14.54696551402939,27.18166282346205,37.68347191113803,17.11803735858444,418.93399036056263,256.201825030374,143.1976129600093,276.8544477837454,139.92957923595918,45.41460898004313,4.0
189,15.279016998539745,28.568120599152405,38.78790718113973,18.52755825684829,253.71115920675246,371.2029047729753,137.8764314160619,240.12130005240735,157.3832230100734,80.41035879144438,4.0
190,16.037679795777787,27.931307284555707,36.08556564307107,14.846172179494515,362.45986779429387,237.01264472805465,247.3271413641767,292.6030543364454,257.6584438394143,59.66651783651636,5.0
191,8.212554611147388,14.251604482500207,22.844055358961302,8.272888016543435,203.4815903376176,181.4659246921786,92.45474228262017,146.81892715983088,145.3704011457245,52.89735933923766,4.0
192,12.458409410426318,27.92222172089514,35.07228022503201,15.042579300762553,189.56448332235865,162.71424270029925,169.13738552479845,132.5573075515062,127.0548809155799,55.372912867886136,5.0
193,9.340874774942085,18.291102629905062,16.07344471830168,12.148487989047725,323.9630808682512,399.966668419546,282.9749019800443,313.5143422468251,240.17376946104636,83.50259157302926,1.0
194,7.091471054451315,24.70700040552485,32.762500081257556,7.740022363730171,303.5452750625127,373.5447097327723,325.59129702412326,310.55006589538334,227.60300598509036,87.9692910413076,2.0
195,12.185456690882926,24.865348906806105,34.807883783954864,14.864625644450696,341.6677116164574,397.9260275188714,270.7410576469312,287.3804852092073,236.69684843239202,84.29024985660499,1.0
196,7.08891275874316,24.419175917521617,34.22527041792484,8.006824715620988,290.72801508112417,333.8995421004521,373.40227360994277,288.5157246909181,246.7942696846735,87.7620437513166,2.0
197,9.034874801046396,26.719408931922718,25.35394542136271,9.30614386803176,331.6008356748695,322.5471399213448,316.59158053094893,369.78855040729445,242.66339802925594,85.2600983325191,2.0
198,13.899855703308898,23.88788911964926,32.10417887393257,14.340329799090533,454.98423524750933,243.07177535340043,233.11393068383728,181.68195148514502,148.25893855352214,79.11307867487889,3.0
199,10.318119744601042,26.8167160568819,31.173090008762454,14.891890865008266,434.7315047197824,114.38410345936195,160.61612353679223,119.58830379403379,143.6150778000035,77.51177118770356,3.0
200,10.732152975321425,28.163643755700246,33.50024001535935,14.90627126292459,454.25902438390693,281.470055831551,294.20900931821393,230.71412076194306,250.22654770013668,80.20096774571145,2.0
201,11.442726596404798,30.914130635172018,31.620468509704473,16.214165723097754,396.2685438293404,275.011039134334,322.0210105034583,226.25897020046605,239.61993498707128,81.8407325873726,3.0
202,12.389262975825854,27.71351736766725,34.57099248665201,9.88528740461961,408.54279844290346,209.69686081894454,281.50455252351304,288.05191891382157,269.9963929481407,76.62775871211389,3.0
203,13.543605995778469,27.878256395262106,37.75345596476519,17.819893700650756,412.03390311737206,246.58062169907393,150.37624796612081,290.1982729197203,164.7177934247743,44.62317238374523,4.0
204,14.541561105593761,28.885048196877932,37.13259195801283,17.804718890629985,255.7693906345443,404.53137758704264,134.23981063973923,226.51422822766702,164.5745984378915,80.76456949506472,4.0
205,15.475077658718961,29.712416845358543,37.37058220854344,15.704945517903361,365.05460808876165,224.42607634737317,257.9486678690983,298.1941262257685,256.8638126019524,60.14458839722251,5.0
206,8.184745031084255,15.268577846984696,24.148264174815495,7.862276281923621,199.61774845283503,179.34867853519697,102.41012376422229,154.48878374870495,165.6657471423705,52.71660927841247,4.0
207,12.494314174851757,27.803201728556353,35.36701086038508,14.456703160125867,194.84049425576973,160.0999315196611,171.93537199045184,133.26157692262646,150.2899792483882,54.91709029176594,5.0
208,8.793028522766164,19.289356634819057,16.311327923063534,11.813091654350494,326.72424723153557,397.3976039955809,329.6002898288333,268.5320035408185,272.9372494532868,84.2831670442463,1.0
209,7.207381170328276,24.552060251652673,33.744711040569555,7.724265468931094,294.4835871747729,319.29678725079975,315.7436880761436,325.38465434017706,246.899644403735,88.62743434537434,2.0
210,12.087507013890647,24.0153678070153,34.07322762075828,15.185668878512681,321.6028717378753,409.35377151785514,305.0894364541134,265.2968377510895,256.96101941864646,84.54777641513628,1.0
211,6.879227433273998,22.90487781826899,32.5537251126805,7.72036946491938,298.8211766791888,326.30196397383287,374.8654402600053,328.71700612639887,238.76967802456682,88.62116995585399,2.0
212,8.978346804750267,28.256034713304373,23.89632886463742,9.376936177581344,377.32311385226444,310.9381028969094,339.80589004780484,373.0851880213937,259.5399391935988,84.47219424308324,2.0
213,13.904728112289858,23.25756201085765,30.901438656866045,14.252443921044854,455.7048317662976,278.4593993344006,239.4700058558053,208.6021700235103,164.48162959565497,79.55642436407949,3.0
214,10.009043294241511,27.212613822209224,28.767913035902822,14.809268472577104,470.14172894542685,113.1291311036213,158.9709026784496,127.22895638563804,164.67220828520084,77.01504275413728,3.0
215,11.307430560471866,30.07608314127999,32.97066533506621,15.57197753777586,399.3881769976914,295.7486238325389,312.33943496069895,231.84572034530729,255.17695561149625,81.12931538198308,2.0
216,12.266921218567372,29.33889059885765,31.772923615924235,15.30756753297487,380.3655728035922,276.8976494905927,310.9925091998333,229.16006644988892,251.05476378773187,82.20432110778468,3.0
217,12.823498236103426,25.835735448426874,33.597868929707495,10.474120620656855,417.8256419767079,219.40932767814712,250.11685730896474,249.0610498069011,280.90948192775375,76.98058691985221,3.0
218,13.414031124494969,29.11418002791983,37.74278054741378,17.760131792567694,452.9307733833709,266.65086003480207,139.308146118235,258.10036252603544,144.4733491769943,45.37500251913794,4.0
219,14.737908248708685,27.374667446206555,38.07005540670007,17.429112570973615,244.21560964397335,372.5852788017867,139.33108844996855,258.6004651552213,152.61863958905997,80.6196586579979,4.0
220,16.464584148218446,29.5425944044629,38.212304958110785,14.813072970646392,357.13929971345215,243.95391758389894,261.49470421338225,273.5190618918697,248.86782050141542,59.474870566150365,5.0
221,7.902268312194841,14.546845840764473,24.69758085394625,8.369374683041285,191.01700835186003,154.4154435831535,105.3646635101301,155.38342058801044,154.83084208302498,52.69560237929349,4.0
222,11.965314655829427,28.10320534145578,35.62008621469483,15.449092242271705,202.2445482006077,179.1825582059722,158.75761465927712,127.27652395256301,135.72449003631723,54.57194387099693,5.0
223,8.704220335316172,19.763431357674087,15.375957302282426,11.769727065362805,347.3217205091143,437.2750065760572,292.65230883431343,269.09446041418977,269.3224387905758,83.5451675261561,1.0
224,6.651649791708834,24.24206754878292,32.72058508419876,7.957386401648405,319.0005973085049,341.0678715643795,356.19008921843886,303.6272222552182,225.69172334168678,88.86720588096287,2.0
225,11.511180103654368,26.12474352288716,35.783981321448614,15.031250401797047,332.3616117640587,429.6616966751605,274.888151971445,312.807601980135,249.415306610748,83.6007438046271,1.0
226,7.00006284721261,24.165187922744813,34.681385108073435,7.837245954339531,290.6759065554833,359.0146615675243,315.52493872368433,327.1045210903985,244.96935476703626,88.54264623479338,2.0
227,8.86228366774966,26.925158160171534,26.181306587834236,9.033698507560779,339.1692900133061,347.3561821453981,325.76413999612373,347.81185332134135,285.6682859595992,85.59733315868353,2.0
228,14.616556979349642,23.841216144496023,29.711338210912437,14.60177037617947,457.22818940560506,263.84755288375504,222.98320738334115,196.4872047603619,149.23898617852564,78.98034938566954,3.0
229,10.250134495791539,28.755759098279913,29.25821796506721,14.802851188156371,452.95977329162196,114.76574909627254,143.06999029538244,132.24936521219297,166.53672327762277,76.27122557151688,3.0
230,11.266607429329948,27.584211505396258,33.47648983760885,15.576702462517938,432.6011387970581,291.2566701553892,268.4185001948662,251.81166753586487,258.37911012091917,81.34443842942495,2.0
231,12.280450791556884,29.694648197746645,32.52433198940108,16.44517276687219,384.6701769782252,277.6103618668134,304.104592728491,244.07642794321006,259.5647382930094,82.35045304050351,3.0
232,13.300440604532493,26.645767825926107,33.922599789617024,9.683046843299412,456.9289523316361,193.88417189587136,293.6769798808191,250.98317416137436,266.96550333533736,77.05098478601235,3.0
233,14.683121949555686,26.889402055558886,36.87386440260091,16.953970123215576,464.81473700434725,267.09130486654715,157.5057314889016,300.56584709845106,164.84588744792126,44.70489092070284,4.0
234,14.766661261067453,26.847501697408166,39.5581571180098,18.11184923817708,264.01189745968617,404.1972915820779,130.84567075645919,224.17874067010146,175.4582973375812,79.98334362115615,4.0
235,15.242591869141462,29.44889514843137,35.93033752792592,15.064475651969797,372.3812183128184,226.84695222369413,238.15266502747156,278.5967604283831,266.8069301195136,60.5325724862883,5.0
236,7.9040393303160945,14.93980662334214,24.379165098083597,8.17135947531593,212.69512614390408,181.1386950842041,103.37901572784482,135.46253433818586,152.60429758225138,52.79950041018535,4.0
237,11.428098842672602,26.065824967678783,34.022829869419915,15.0892950816895,197.70641651573305,167.2787727148856,162.83475506670516,137.76977742471718,135.7180589716795,55.34736042591519,5.0
238,8.73710008408634,18.140926038220563,16.40809535874049,12.427817141202766,357.06233894934394,375.6000887888438,274.3312207040078,299.72202236017165,246.65686985075342,83.3490371225543,1.0
239,6.926592416065926,23.1014310741581,33.0129073042772,7.642695245916686,321.62801347153993,317.3161200879775,344.86706207920037,274.23994264409765,229.50876325191894,87.23332921509042,2.0
240,12.368837657133286,25.309031491336885,34.39249349667177,14.559215349112778,320.73129949385594,435.1264700378805,305.4980942444078,279.7042449773438,259.37833063383994,84.26411016129124,1.0
241,7.07099346571506,24.59753471781321,35.65817024047253,8.199785554764121,287.29817799433187,345.3200993802947,330.3577339294723,320.8028234594577,266.2007231433906,88.56901551695371,2.0
242,8.825680153155023,25.96398483436714,26.15730323639507,8.603219862115914,344.6193730348803,329.5661393877362,353.79420605170316,366.6623721403999,276.7114168071292,85.5069926531182,2.0
243,14.176250089439701,23.252805907420978,30.19131436934607,14.64247227010728,436.5844479065856,276.36926108877856,242.87222023516102,211.7277476762033,162.66143421909902,78.55129526812567,3.0
244,9.864681905808876,28.926359055705685,30.12696432337117,14.480648925025916,428.1608305072194,130.64874438626688,154.72468735183315,123.42271592968925,165.0210369102775,77.45283494847897,3.0
245,11.275597108203188,29.599308608953717,32.808937495962994,14.819509902580602,399.45075689390796,301.0306138174629,307.8424165718376,251.47938514312182,278.5572289350834,80.29490737743082,2.0
246,11.48352030803608,31.176311462286254,32.46714258276135,16.20643635751912,406.0941638543994,328.6056089474174,298.08058945064744,269.38031734116623,270.35019219892155,82.05277847557623,3.0
247,13.379001350181845,28.03669749022489,33.774193635219035,9.509071851397547,458.02103231994204,208.11286665707343,292.5686582240058,244.8128580253194,287.55472911527227,76.88385766104977,3.0
248,14.384385115516414,26.966733323399875,37.08603637812655,16.33627906383796,422.5778108609144,237.03984141583354,138.0391075070328,285.2615740674216,138.38711060682928,45.37007525666642,4.0
249,14.791142355901657,27.500805578042726,36.22544548680951,17.677053697569484,264.5986319792337,372.6831672575174,159.2920293604903,258.6583774659731,166.94556442822704,79.55332689700904,4.0
250,16.334933857927734,28.558557868891114,35.86330398620594,15.200059885960995,354.605694343058,237.21092092483676,246.64774270558786,309.4138745251561,253.92514374598917,59.61623759484977,5.0
251,7.747409443419027,14.709681486785506,24.174527508113364,7.871478397298036,214.52965615604523,169.25334574478526,98.38850835106136,153.8818820510145,167.94813615789843,53.15159955447815,4.0
252,12.290001819381473,26.238467524743903,36.60634940990226,14.552224857402212,207.75986707389947,188.29472185197153,181.00709160553222,142.8453993532834,138.47065314026796,54.53463624741178,5.0
253,8.862123870962858,18.93289816805352,15.364220624472454,12.076107733382281,347.2765927952282,410.0996880523274,329.7014598868835,313.2886475526386,254.02465880574525,84.29069818396336,1.0
254,7.342819845244241,23.43328428408544,33.31589680671294,8.265887470477496,298.30499100385936,313.7646365583605,358.5793433157065,287.6622370265379,224.5380460807408,87.59773880999579,2.0
255,11.551862771967166,24.672745501252614,34.37177753047648,14.88573591086087,357.29743273711665,362.1460422196738,274.0489865494812,306.86227450628184,235.9876397172127,83.95794929962344,1.0
256,7.238205414550766,24.125009245209103,34.333536432298416,8.225036000479088,278.8013309286616,326.6195614496628,368.14293000040396,281.7652427513881,238.1609239472383,87.20633768924812,2.0
257,8.612882901539027,28.267987688131893,24.21669573991752,9.336756393213626,339.1334028561115,379.08607815809,337.6613073798891,331.36001841622095,240.3078651988364,85.07676414190891,2.0
258,14.174899796254286,22.4392648694187,30.39360963932339,13.627541078759675,465.23071954954486,270.07492238582967,211.79420386264772,206.52246574793628,144.71140698283997,79.66613410052025,3.0
259,9.89781495039286,27.750816547779586,31.107401621624827,14.477143689310747,449.4803841723107,118.84480829858026,153.11900998546508,116.82849908170301,143.84722789163115,76.31569255937623,3.0
260,11.131182881470368,30.258942583857664,32.84087744819735,14.83522012061432,440.6218180859953,279.7229199831207,272.47380169641514,252.04461023425716,250.5638992421381,80.30161106679124,2.0
261,12.444294416147788,30.62473351780993,32.8063830121824,15.533430199825919,414.54227669682757,272.1754646703359,327.31626112286216,233.24629906306194,247.1427042748015,82.71835865721239,3.0
262,12.754289401804845,27.611905194756897,32.91563885828664,10.428431382755733,456.43736331696067,205.2677907610125,280.5972085837938,289.13354885714904,273.2797895606449,77.06551493157666,3.0
263,14.429593979231484,28.878796091386793,34.28862091044878,17.237128603607236,452.63200924035283,230.68410873109653,158.03731717989794,290.3202775880704,158.78250976769206,45.12355985364696,4.0
264,15.414475417679668,27.827247800064114,38.43058482969136,17.947725481481378,238.64067343252523,445.5818260824826,158.4655530177271,243.62924267980654,169.0003529839019,80.75430062513604,4.0
265,16.367662643920184,29.855963290289594,37.88184956931693,14.972740656286991,337.88147386849306,222.10342761203566,236.93586631038093,297.40621434255564,292.6087418610058,60.21070607057205,5.0
266,8.297688411339731,15.52194755668452,23.459468383757255,7.914464468748883,197.29130605161868,153.90924884585434,92.14379460780337,151.20163784249104,161.19242370264135,52.68836079200964,4.0
267,11.594735907611144,26.151970234926015,35.58524479399129,15.433013062131929,213.87712823908745,161.30311450935739,160.42576192774638,141.37794022889594,123.39852343820337,54.76488422325934,5.0
268,8.65392281058406,19.42771070807883,16.630810004932197,12.211955481863182,338.692440549981,403.84519877570614,300.4383003041776,293.46229123140364,262.08888201923656,84.61186511243046,1.0
269,7.305963376462332,23.730795671282806,32.518828668432846,8.14153137603535,309.47743150837334,357.7562537887928,355.0228301361096,275.5012103869725,268.3033230778804,88.38358844436006,2.0
270,11.934693394519389,25.284618000248006,33.42648654926597,14.874014375366915,318.3535507994968,387.42896082142397,276.93664513820295,262.91590965226163,274.0124931917329,84.56429707349008,1.0
271,6.686805729741232,23.307434273591113,35.66279963981086,8.370203339792475,304.03367247934267,333.41619177003986,372.238152338538,319.538189925895,236.69929503400314,87.89801600918143,2.0
272,8.986192788818036,25.672865174375044,25.376829211727102,9.40823178244451,371.2172051749024,341.8965432275659,304.6951754502433,354.985165671333,269.16756966470746,85.35406460293972,2.0
273,14.085309430889893,22.475903343947316,29.593404295484916,13.91262500409537,441.5851171945528,245.8018948484531,241.07013284410272,218.288699543273,157.77390023382475,78.98447732411924,3.0
274,10.089082331783343,26.847960885842312,29.20132223061956,15.644101297021184,440.779561899216,114.6570745895198,138.43817792721157,120.28153647294445,159.80458780622953,77.10543781431508,3.0
275,10.607716516168328,30.16440556967976,33.14057299910862,15.145374685972739,436.4704492329984,304.9739023904674,278.9657352215629,229.63536511384808,261.72002332131746,80.35429582992246,2.0
276,12.4091401722497,28.84077804682036,30.798973746920275,16.157581549083268,414.76802195157376,310.1204785521192,292.690859794304,233.89817004529712,291.2224316300298,81.96527793130728,3.0
277,12.57298306110047,27.71418182499344,32.749741072917054,9.880325857055398,416.3143753630704,195.89833093192104,276.17703576954216,286.726460047935,255.56867500913583,77.36621718999095,3.0
278,14.586093700241381,27.851629756410528,35.14731631690826,17.117518198861,464.23794281898233,254.0345958307615,153.17749897917662,260.4850558944696,148.65297660601573,45.43692914423608,4.0
279,14.54308082407277,27.890141970688138,38.875334960472,18.18958574031062,258.4471557271619,385.5178652760499,151.24847106227062,244.24497016833334,155.9757585837417,80.20417851932747,4.0
280,15.495013291707124,30.370909210387996,35.72746552562687,14.365515111647268,337.905852109838,221.94534381698676,242.08319991689692,269.45889649676593,277.4343522315404,60.228606215830524,5.0
281,8.150178955454583,15.584871762200583,23.74913627858716,7.934157838118711,196.37404124721172,174.3099948549675,94.11237673640933,139.0690291798309,165.9952519177091,53.442955835190794,4.0
282,12.057664365735139,26.48293490720408,36.637415726768566,14.675455464389994,200.60581538850894,184.5304651373415,163.66727275309682,147.99871479156087,135.72071612437176,55.293343672565385,5.0
283,9.371873051166546,19.74448050985715,15.62285030727173,11.45228588912358,356.561108205268,406.63379515941705,323.6300607672044,289.8530309279352,275.08484889559384,83.8361444590729,1.0
284,7.142564317834871,23.895820043036622,34.47216023436887,7.651802759525287,319.78504263794997,331.4933442594886,309.668662019514,316.4712931625987,251.79157899696975,88.56832260897355,2.0
285,11.694947662158354,24.902298271037324,35.0864895522859,15.148019263528186,357.3375867096593,429.41296644259194,288.1056969016173,295.40450661292095,274.85971867313015,84.45980314916633,1.0
286,6.666407563034104,23.185410122622205,32.900174807458896,8.179428346579481,307.37709648230305,369.1187538402331,376.6636763755692,292.9217994540284,249.09509842372816,88.3235917644804,2.0
287,9.284019260451668,26.60087837589866,24.07081139105099,9.006113601232764,343.2496083851236,365.49250324465453,306.49511725126507,383.3724940317736,263.97890076861734,84.23670052524061,2.0
288,13.602506338037879,23.352772489087293,32.36129531154463,14.55160014634468,462.6365734492964,253.32439937297943,242.70124449456029,207.71301856176675,149.51674673267618,78.63404554758722,3.0
289,9.920114587191902,28.366904431162308,30.972417476927713,15.311917402384688,441.0519133328697,112.9134618417281,144.12599879064615,116.59367483570536,144.33255691767476,76.39876063463927,3.0
290,11.053464432226958,29.338998817841134,31.511385615387837,15.630639428622331,453.27434800182954,304.8057259918664,278.4743118965807,225.35171477849846,272.83977045080485,81.14265091437753,2.0
291,11.84492458033716,30.061329780615996,32.56696930582773,15.395348289123357,403.7811793998095,290.5222270626291,314.8725157484873,244.4721125788499,277.28168453367846,82.35151186693984,3.0
292,12.594546685535432,27.331800092880954,31.653094610483084,9.810336437293518,457.4679061302818,200.0494561356986,245.6043765117365,262.50765127276964,263.0033968013244,77.65997138788627,3.0
293,14.007485636539887,28.765148037071256,37.53847843248297,17.248031265428242,438.7066966865387,236.3055927644799,140.15900057395584,295.0274769779052,162.55185850420642,44.878072425224666,4.0
294,15.292594936094584,27.63840562541195,36.6398291011814,18.307812184622637,268.22175151987716,437.73412801705996,155.5985532454701,237.86126291802245,179.12834897639837,80.46367631744012,4.0
295,16.138444927383837,29.492507606821754,35.96548299680294,14.915303599987826,342.17730049517775,232.99335755589652,247.57863154581833,301.3011063652062,269.3291231259441,59.97882561823447,5.0
296,8.0725287843788,14.97358471639287,24.80555712745474,8.193978650060767,206.0509900151825,163.608179757045,106.29888181964,143.21354150337277,154.51096551014535,53.02765614430919,4.0
297,11.504215184663327,26.898353471655785,35.694161446565445,15.275081745151327,189.90382236371292,167.39903647425206,168.59204988188327,150.81924149486147,136.8343280206885,55.348183124912175,5.0
298,9.277134035561602,19.461356764153663,16.570896592247117,11.527817992318825,349.3769239823121,375.9972100680883,287.3753876921352,287.0507542971173,243.6093263335779,83.61711798863324,1.0
299,6.857027406739811,23.938751908546674,32.91691440876776,8.198479245185034,316.4960237643367,346.58796772538494,330.6907811725757,283.0127529391928,239.13506862998904,88.7486021808029,2.0
